generation,individual,val_loss,n_params,n_layers,architecture
1,0,0.465540,220133,9,[32/k1→128/k1→64/k1→32/k1→512/k3→32/k1→32/k1→64/k1→512/k1]
1,1,0.454164,907653,9,[512/k3→64/k3→512/k3→32/k1→256/k3→128/k1→64/k3→32/k1→256/k1]
1,2,0.436798,3756229,6,[128/k3→32/k3→512/k1→256/k1→512/k3→512/k3]
1,3,0.497085,911365,8,[64/k1→32/k1→128/k1→64/k1→256/k3→256/k3→64/k3→128/k1]
1,4,0.486832,1056773,9,[128/k1→512/k1→512/k1→64/k3→256/k3→512/k1→128/k1→64/k1→128/k3]
1,5,0.464140,744421,6,[32/k1→512/k3→64/k3→256/k3→64/k3→64/k1]
1,6,0.477961,5025413,9,[512/k3→512/k3→512/k3→128/k1→64/k3→32/k1→32/k1→64/k3→512/k1]
1,7,0.474865,1871109,7,[256/k3→512/k3→512/k1→32/k3→128/k1→128/k3→64/k3]
2,0,0.486892,3756229,6,[128/k3→32/k3→512/k1→256/k1→512/k3→512/k3]
2,1,0.514400,907653,9,[512/k3→64/k3→512/k3→32/k1→256/k3→128/k1→64/k3→32/k1→256/k1]
2,2,0.516641,744421,6,[32/k1→512/k3→64/k3→256/k3→64/k3→64/k1]
2,3,0.502645,220133,9,[32/k1→128/k1→64/k1→32/k1→512/k3→32/k1→32/k1→64/k1→512/k1]
2,4,0.535628,1871109,7,[256/k3→512/k3→512/k1→32/k3→128/k1→128/k3→64/k3]
2,5,0.513457,1984069,6,[128/k3→32/k3→512/k1→256/k1→512/k3→128/k3]
2,6,0.529394,1756165,6,[256/k3→512/k3→512/k1→32/k3→128/k3→64/k3]
2,7,0.469365,3904709,6,[128/k3→32/k3→1024/k1→256/k1→512/k3→512/k3]
3,0,0.517714,3904709,6,[128/k3→32/k3→1024/k1→256/k1→512/k3→512/k3]
3,1,0.508424,3756229,6,[128/k3→32/k3→512/k1→256/k1→512/k3→512/k3]
3,2,0.524463,220133,9,[32/k1→128/k1→64/k1→32/k1→512/k3→32/k1→32/k1→64/k1→512/k1]
3,3,0.525852,1984069,6,[128/k3→32/k3→512/k1→256/k1→512/k3→128/k3]
3,4,0.535907,907653,9,[512/k3→64/k3→512/k3→32/k1→256/k3→128/k1→64/k3→32/k1→256/k1]
3,5,0.421957,597381,8,[512/k3→64/k3→32/k1→256/k3→128/k1→64/k3→32/k1→256/k1]
3,6,0.463898,184101,8,[32/k1→128/k1→64/k1→32/k1→512/k3→32/k1→32/k1→64/k1]
3,7,0.533921,1227909,9,[512/k3→64/k3→512/k3→32/k1→256/k3→512/k1→64/k3→32/k1→256/k1]
4,0,0.484132,597381,8,[512/k3→64/k3→32/k1→256/k3→128/k1→64/k3→32/k1→256/k1]
4,1,0.498500,184101,8,[32/k1→128/k1→64/k1→32/k1→512/k3→32/k1→32/k1→64/k1]
4,2,0.514956,3756229,6,[128/k3→32/k3→512/k1→256/k1→512/k3→512/k3]
4,3,0.515373,3904709,6,[128/k3→32/k3→1024/k1→256/k1→512/k3→512/k3]
4,4,0.537506,220133,9,[32/k1→128/k1→64/k1→32/k1→512/k3→32/k1→32/k1→64/k1→512/k1]
4,5,0.526363,1984069,6,[128/k3→32/k3→512/k1→256/k1→512/k3→128/k3]
4,6,0.530664,1227909,9,[512/k3→64/k3→512/k3→32/k1→256/k3→512/k1→64/k3→32/k1→256/k1]
4,7,0.531328,907653,9,[512/k3→64/k3→512/k3→32/k1→256/k3→128/k1→64/k3→32/k1→256/k1]
5,0,0.513604,597381,8,[512/k3→64/k3→32/k1→256/k3→128/k1→64/k3→32/k1→256/k1]
5,1,0.505743,184101,8,[32/k1→128/k1→64/k1→32/k1→512/k3→32/k1→32/k1→64/k1]
5,2,0.513246,3756229,6,[128/k3→32/k3→512/k1→256/k1→512/k3→512/k3]
5,3,0.526402,3904709,6,[128/k3→32/k3→1024/k1→256/k1→512/k3→512/k3]
5,4,0.529104,1984069,6,[128/k3→32/k3→512/k1→256/k1→512/k3→128/k3]
5,5,0.549203,1227909,9,[512/k3→64/k3→512/k3→32/k1→256/k3→512/k1→64/k3→32/k1→256/k1]
5,6,0.533526,907653,9,[512/k3→64/k3→512/k3→32/k1→256/k3→128/k1→64/k3→32/k1→256/k1]
5,7,0.545441,220133,9,[32/k1→128/k1→64/k1→32/k1→512/k3→32/k1→32/k1→64/k1→512/k1]
6,0,0.512232,184101,8,[32/k1→128/k1→64/k1→32/k1→512/k3→32/k1→32/k1→64/k1]
6,1,0.520157,3756229,6,[128/k3→32/k3→512/k1→256/k1→512/k3→512/k3]
6,2,0.517547,597381,8,[512/k3→64/k3→32/k1→256/k3→128/k1→64/k3→32/k1→256/k1]
6,3,0.524272,3904709,6,[128/k3→32/k3→1024/k1→256/k1→512/k3→512/k3]
6,4,0.535581,1984069,6,[128/k3→32/k3→512/k1→256/k1→512/k3→128/k3]
6,5,0.536349,907653,9,[512/k3→64/k3→512/k3→32/k1→256/k3→128/k1→64/k3→32/k1→256/k1]
6,6,0.549202,220133,9,[32/k1→128/k1→64/k1→32/k1→512/k3→32/k1→32/k1→64/k1→512/k1]
6,7,0.539591,1227909,9,[512/k3→64/k3→512/k3→32/k1→256/k3→512/k1→64/k3→32/k1→256/k1]
7,0,0.528699,184101,8,[32/k1→128/k1→64/k1→32/k1→512/k3→32/k1→32/k1→64/k1]
7,1,0.541403,597381,8,[512/k3→64/k3→32/k1→256/k3→128/k1→64/k3→32/k1→256/k1]
7,2,0.525365,3756229,6,[128/k3→32/k3→512/k1→256/k1→512/k3→512/k3]
7,3,0.524327,3904709,6,[128/k3→32/k3→1024/k1→256/k1→512/k3→512/k3]
7,4,0.542932,1984069,6,[128/k3→32/k3→512/k1→256/k1→512/k3→128/k3]
7,5,0.551648,907653,9,[512/k3→64/k3→512/k3→32/k1→256/k3→128/k1→64/k3→32/k1→256/k1]
7,6,0.545640,1227909,9,[512/k3→64/k3→512/k3→32/k1→256/k3→512/k1→64/k3→32/k1→256/k1]
7,7,0.553432,220133,9,[32/k1→128/k1→64/k1→32/k1→512/k3→32/k1→32/k1→64/k1→512/k1]
8,0,0.524675,3904709,6,[128/k3→32/k3→1024/k1→256/k1→512/k3→512/k3]
8,1,0.526447,3756229,6,[128/k3→32/k3→512/k1→256/k1→512/k3→512/k3]
8,2,0.535351,184101,8,[32/k1→128/k1→64/k1→32/k1→512/k3→32/k1→32/k1→64/k1]
8,3,0.530064,597381,8,[512/k3→64/k3→32/k1→256/k3→128/k1→64/k3→32/k1→256/k1]
8,4,0.537022,1984069,6,[128/k3→32/k3→512/k1→256/k1→512/k3→128/k3]
8,5,0.539809,1227909,9,[512/k3→64/k3→512/k3→32/k1→256/k3→512/k1→64/k3→32/k1→256/k1]
8,6,0.551841,907653,9,[512/k3→64/k3→512/k3→32/k1→256/k3→128/k1→64/k3→32/k1→256/k1]
8,7,0.548008,220133,9,[32/k1→128/k1→64/k1→32/k1→512/k3→32/k1→32/k1→64/k1→512/k1]
9,0,0.527708,3904709,6,[128/k3→32/k3→1024/k1→256/k1→512/k3→512/k3]
9,1,0.526807,3756229,6,[128/k3→32/k3→512/k1→256/k1→512/k3→512/k3]
9,2,0.537983,597381,8,[512/k3→64/k3→32/k1→256/k3→128/k1→64/k3→32/k1→256/k1]
9,3,0.540929,184101,8,[32/k1→128/k1→64/k1→32/k1→512/k3→32/k1→32/k1→64/k1]
9,4,0.538784,1984069,6,[128/k3→32/k3→512/k1→256/k1→512/k3→128/k3]
9,5,0.540363,1227909,9,[512/k3→64/k3→512/k3→32/k1→256/k3→512/k1→64/k3→32/k1→256/k1]
9,6,0.559562,220133,9,[32/k1→128/k1→64/k1→32/k1→512/k3→32/k1→32/k1→64/k1→512/k1]
9,7,0.552104,907653,9,[512/k3→64/k3→512/k3→32/k1→256/k3→128/k1→64/k3→32/k1→256/k1]
10,0,0.522300,3756229,6,[128/k3→32/k3→512/k1→256/k1→512/k3→512/k3]
10,1,0.522871,3904709,6,[128/k3→32/k3→1024/k1→256/k1→512/k3→512/k3]
10,2,0.542578,597381,8,[512/k3→64/k3→32/k1→256/k3→128/k1→64/k3→32/k1→256/k1]
10,3,0.539285,1984069,6,[128/k3→32/k3→512/k1→256/k1→512/k3→128/k3]
10,4,0.546649,1227909,9,[512/k3→64/k3→512/k3→32/k1→256/k3→512/k1→64/k3→32/k1→256/k1]
10,5,0.551409,184101,8,[32/k1→128/k1→64/k1→32/k1→512/k3→32/k1→32/k1→64/k1]
10,6,0.555256,907653,9,[512/k3→64/k3→512/k3→32/k1→256/k3→128/k1→64/k3→32/k1→256/k1]
10,7,0.556097,220133,9,[32/k1→128/k1→64/k1→32/k1→512/k3→32/k1→32/k1→64/k1→512/k1]
11,0,0.520314,3756229,6,[128/k3→32/k3→512/k1→256/k1→512/k3→512/k3]
11,1,0.522052,3904709,6,[128/k3→32/k3→1024/k1→256/k1→512/k3→512/k3]
11,2,0.535551,1984069,6,[128/k3→32/k3→512/k1→256/k1→512/k3→128/k3]
11,3,0.543417,597381,8,[512/k3→64/k3→32/k1→256/k3→128/k1→64/k3→32/k1→256/k1]
11,4,0.540442,1227909,9,[512/k3→64/k3→512/k3→32/k1→256/k3→512/k1→64/k3→32/k1→256/k1]
11,5,0.552382,184101,8,[32/k1→128/k1→64/k1→32/k1→512/k3→32/k1→32/k1→64/k1]
11,6,0.546365,907653,9,[512/k3→64/k3→512/k3→32/k1→256/k3→128/k1→64/k3→32/k1→256/k1]
11,7,0.559122,220133,9,[32/k1→128/k1→64/k1→32/k1→512/k3→32/k1→32/k1→64/k1→512/k1]
12,0,0.520893,3756229,6,[128/k3→32/k3→512/k1→256/k1→512/k3→512/k3]
12,1,0.518578,3904709,6,[128/k3→32/k3→1024/k1→256/k1→512/k3→512/k3]
12,2,0.535350,1984069,6,[128/k3→32/k3→512/k1→256/k1→512/k3→128/k3]
12,3,0.542811,1227909,9,[512/k3→64/k3→512/k3→32/k1→256/k3→512/k1→64/k3→32/k1→256/k1]
12,4,0.545609,597381,8,[512/k3→64/k3→32/k1→256/k3→128/k1→64/k3→32/k1→256/k1]
12,5,0.548959,907653,9,[512/k3→64/k3→512/k3→32/k1→256/k3→128/k1→64/k3→32/k1→256/k1]
12,6,0.554868,184101,8,[32/k1→128/k1→64/k1→32/k1→512/k3→32/k1→32/k1→64/k1]
12,7,0.563821,220133,9,[32/k1→128/k1→64/k1→32/k1→512/k3→32/k1→32/k1→64/k1→512/k1]
13,0,0.518207,3904709,6,[128/k3→32/k3→1024/k1→256/k1→512/k3→512/k3]
13,1,0.520304,3756229,6,[128/k3→32/k3→512/k1→256/k1→512/k3→512/k3]
13,2,0.533279,1984069,6,[128/k3→32/k3→512/k1→256/k1→512/k3→128/k3]
13,3,0.541835,1227909,9,[512/k3→64/k3→512/k3→32/k1→256/k3→512/k1→64/k3→32/k1→256/k1]
13,4,0.541277,597381,8,[512/k3→64/k3→32/k1→256/k3→128/k1→64/k3→32/k1→256/k1]
13,5,0.546746,907653,9,[512/k3→64/k3→512/k3→32/k1→256/k3→128/k1→64/k3→32/k1→256/k1]
13,6,0.560199,184101,8,[32/k1→128/k1→64/k1→32/k1→512/k3→32/k1→32/k1→64/k1]
13,7,0.561498,220133,9,[32/k1→128/k1→64/k1→32/k1→512/k3→32/k1→32/k1→64/k1→512/k1]
14,0,0.513935,3904709,6,[128/k3→32/k3→1024/k1→256/k1→512/k3→512/k3]
14,1,0.515858,3756229,6,[128/k3→32/k3→512/k1→256/k1→512/k3→512/k3]
14,2,0.532667,1984069,6,[128/k3→32/k3→512/k1→256/k1→512/k3→128/k3]
14,3,0.543284,597381,8,[512/k3→64/k3→32/k1→256/k3→128/k1→64/k3→32/k1→256/k1]
14,4,0.543419,1227909,9,[512/k3→64/k3→512/k3→32/k1→256/k3→512/k1→64/k3→32/k1→256/k1]
14,5,0.546906,907653,9,[512/k3→64/k3→512/k3→32/k1→256/k3→128/k1→64/k3→32/k1→256/k1]
14,6,0.562752,184101,8,[32/k1→128/k1→64/k1→32/k1→512/k3→32/k1→32/k1→64/k1]
14,7,0.564781,220133,9,[32/k1→128/k1→64/k1→32/k1→512/k3→32/k1→32/k1→64/k1→512/k1]
15,0,0.512156,3904709,6,[128/k3→32/k3→1024/k1→256/k1→512/k3→512/k3]
15,1,0.512017,3756229,6,[128/k3→32/k3→512/k1→256/k1→512/k3→512/k3]
15,2,0.526933,1984069,6,[128/k3→32/k3→512/k1→256/k1→512/k3→128/k3]
15,3,0.542353,597381,8,[512/k3→64/k3→32/k1→256/k3→128/k1→64/k3→32/k1→256/k1]
15,4,0.536301,1227909,9,[512/k3→64/k3→512/k3→32/k1→256/k3→512/k1→64/k3→32/k1→256/k1]
15,5,0.542984,907653,9,[512/k3→64/k3→512/k3→32/k1→256/k3→128/k1→64/k3→32/k1→256/k1]
15,6,0.563662,184101,8,[32/k1→128/k1→64/k1→32/k1→512/k3→32/k1→32/k1→64/k1]
15,7,0.563061,220133,9,[32/k1→128/k1→64/k1→32/k1→512/k3→32/k1→32/k1→64/k1→512/k1]
16,0,0.507468,3756229,6,[128/k3→32/k3→512/k1→256/k1→512/k3→512/k3]
16,1,0.511350,3904709,6,[128/k3→32/k3→1024/k1→256/k1→512/k3→512/k3]
16,2,0.523575,1984069,6,[128/k3→32/k3→512/k1→256/k1→512/k3→128/k3]
16,3,0.531546,1227909,9,[512/k3→64/k3→512/k3→32/k1→256/k3→512/k1→64/k3→32/k1→256/k1]
16,4,0.543121,597381,8,[512/k3→64/k3→32/k1→256/k3→128/k1→64/k3→32/k1→256/k1]
16,5,0.548186,907653,9,[512/k3→64/k3→512/k3→32/k1→256/k3→128/k1→64/k3→32/k1→256/k1]
16,6,0.567293,220133,9,[32/k1→128/k1→64/k1→32/k1→512/k3→32/k1→32/k1→64/k1→512/k1]
16,7,0.567339,184101,8,[32/k1→128/k1→64/k1→32/k1→512/k3→32/k1→32/k1→64/k1]
17,0,0.505231,3756229,6,[128/k3→32/k3→512/k1→256/k1→512/k3→512/k3]
17,1,0.508953,3904709,6,[128/k3→32/k3→1024/k1→256/k1→512/k3→512/k3]
17,2,0.522352,1984069,6,[128/k3→32/k3→512/k1→256/k1→512/k3→128/k3]
17,3,0.536345,1227909,9,[512/k3→64/k3→512/k3→32/k1→256/k3→512/k1→64/k3→32/k1→256/k1]
17,4,0.550567,597381,8,[512/k3→64/k3→32/k1→256/k3→128/k1→64/k3→32/k1→256/k1]
17,5,0.546332,907653,9,[512/k3→64/k3→512/k3→32/k1→256/k3→128/k1→64/k3→32/k1→256/k1]
17,6,0.569257,220133,9,[32/k1→128/k1→64/k1→32/k1→512/k3→32/k1→32/k1→64/k1→512/k1]
17,7,0.568426,184101,8,[32/k1→128/k1→64/k1→32/k1→512/k3→32/k1→32/k1→64/k1]
18,0,0.508447,3756229,6,[128/k3→32/k3→512/k1→256/k1→512/k3→512/k3]
18,1,0.504955,3904709,6,[128/k3→32/k3→1024/k1→256/k1→512/k3→512/k3]
18,2,0.520651,1984069,6,[128/k3→32/k3→512/k1→256/k1→512/k3→128/k3]
18,3,0.532797,1227909,9,[512/k3→64/k3→512/k3→32/k1→256/k3→512/k1→64/k3→32/k1→256/k1]
18,4,0.540928,907653,9,[512/k3→64/k3→512/k3→32/k1→256/k3→128/k1→64/k3→32/k1→256/k1]
18,5,0.547366,597381,8,[512/k3→64/k3→32/k1→256/k3→128/k1→64/k3→32/k1→256/k1]
18,6,0.569466,184101,8,[32/k1→128/k1→64/k1→32/k1→512/k3→32/k1→32/k1→64/k1]
18,7,0.562357,220133,9,[32/k1→128/k1→64/k1→32/k1→512/k3→32/k1→32/k1→64/k1→512/k1]
19,0,0.504132,3904709,6,[128/k3→32/k3→1024/k1→256/k1→512/k3→512/k3]
19,1,0.506384,3756229,6,[128/k3→32/k3→512/k1→256/k1→512/k3→512/k3]
19,2,0.521107,1984069,6,[128/k3→32/k3→512/k1→256/k1→512/k3→128/k3]
19,3,0.532506,1227909,9,[512/k3→64/k3→512/k3→32/k1→256/k3→512/k1→64/k3→32/k1→256/k1]
19,4,0.541037,907653,9,[512/k3→64/k3→512/k3→32/k1→256/k3→128/k1→64/k3→32/k1→256/k1]
19,5,0.546687,597381,8,[512/k3→64/k3→32/k1→256/k3→128/k1→64/k3→32/k1→256/k1]
19,6,0.568624,220133,9,[32/k1→128/k1→64/k1→32/k1→512/k3→32/k1→32/k1→64/k1→512/k1]
19,7,0.573307,184101,8,[32/k1→128/k1→64/k1→32/k1→512/k3→32/k1→32/k1→64/k1]
20,0,0.500510,3904709,6,[128/k3→32/k3→1024/k1→256/k1→512/k3→512/k3]
20,1,0.503064,3756229,6,[128/k3→32/k3→512/k1→256/k1→512/k3→512/k3]
20,2,0.514680,1984069,6,[128/k3→32/k3→512/k1→256/k1→512/k3→128/k3]
20,3,0.534040,1227909,9,[512/k3→64/k3→512/k3→32/k1→256/k3→512/k1→64/k3→32/k1→256/k1]
20,4,0.540324,907653,9,[512/k3→64/k3→512/k3→32/k1→256/k3→128/k1→64/k3→32/k1→256/k1]
20,5,0.544639,597381,8,[512/k3→64/k3→32/k1→256/k3→128/k1→64/k3→32/k1→256/k1]
20,6,0.565422,220133,9,[32/k1→128/k1→64/k1→32/k1→512/k3→32/k1→32/k1→64/k1→512/k1]
20,7,0.574559,184101,8,[32/k1→128/k1→64/k1→32/k1→512/k3→32/k1→32/k1→64/k1]
21,0,0.498610,3904709,6,[128/k3→32/k3→1024/k1→256/k1→512/k3→512/k3]
21,1,0.499053,3756229,6,[128/k3→32/k3→512/k1→256/k1→512/k3→512/k3]
21,2,0.513944,1984069,6,[128/k3→32/k3→512/k1→256/k1→512/k3→128/k3]
21,3,0.533035,1227909,9,[512/k3→64/k3→512/k3→32/k1→256/k3→512/k1→64/k3→32/k1→256/k1]
21,4,0.538949,907653,9,[512/k3→64/k3→512/k3→32/k1→256/k3→128/k1→64/k3→32/k1→256/k1]
21,5,0.543166,597381,8,[512/k3→64/k3→32/k1→256/k3→128/k1→64/k3→32/k1→256/k1]
21,6,0.568013,220133,9,[32/k1→128/k1→64/k1→32/k1→512/k3→32/k1→32/k1→64/k1→512/k1]
21,7,0.580541,184101,8,[32/k1→128/k1→64/k1→32/k1→512/k3→32/k1→32/k1→64/k1]
22,0,0.499512,3904709,6,[128/k3→32/k3→1024/k1→256/k1→512/k3→512/k3]
22,1,0.500999,3756229,6,[128/k3→32/k3→512/k1→256/k1→512/k3→512/k3]
22,2,0.512514,1984069,6,[128/k3→32/k3→512/k1→256/k1→512/k3→128/k3]
22,3,0.529814,1227909,9,[512/k3→64/k3→512/k3→32/k1→256/k3→512/k1→64/k3→32/k1→256/k1]
22,4,0.541144,907653,9,[512/k3→64/k3→512/k3→32/k1→256/k3→128/k1→64/k3→32/k1→256/k1]
22,5,0.546697,597381,8,[512/k3→64/k3→32/k1→256/k3→128/k1→64/k3→32/k1→256/k1]
22,6,0.566941,220133,9,[32/k1→128/k1→64/k1→32/k1→512/k3→32/k1→32/k1→64/k1→512/k1]
22,7,0.584276,184101,8,[32/k1→128/k1→64/k1→32/k1→512/k3→32/k1→32/k1→64/k1]
23,0,0.498917,3904709,6,[128/k3→32/k3→1024/k1→256/k1→512/k3→512/k3]
23,1,0.500625,3756229,6,[128/k3→32/k3→512/k1→256/k1→512/k3→512/k3]
23,2,0.508489,1984069,6,[128/k3→32/k3→512/k1→256/k1→512/k3→128/k3]
23,3,0.534955,1227909,9,[512/k3→64/k3→512/k3→32/k1→256/k3→512/k1→64/k3→32/k1→256/k1]
23,4,0.540889,907653,9,[512/k3→64/k3→512/k3→32/k1→256/k3→128/k1→64/k3→32/k1→256/k1]
23,5,0.550625,597381,8,[512/k3→64/k3→32/k1→256/k3→128/k1→64/k3→32/k1→256/k1]
23,6,0.569241,220133,9,[32/k1→128/k1→64/k1→32/k1→512/k3→32/k1→32/k1→64/k1→512/k1]
23,7,0.581646,184101,8,[32/k1→128/k1→64/k1→32/k1→512/k3→32/k1→32/k1→64/k1]
24,0,0.493737,3904709,6,[128/k3→32/k3→1024/k1→256/k1→512/k3→512/k3]
24,1,0.498685,3756229,6,[128/k3→32/k3→512/k1→256/k1→512/k3→512/k3]
24,2,0.507908,1984069,6,[128/k3→32/k3→512/k1→256/k1→512/k3→128/k3]
24,3,0.531672,1227909,9,[512/k3→64/k3→512/k3→32/k1→256/k3→512/k1→64/k3→32/k1→256/k1]
24,4,0.537256,907653,9,[512/k3→64/k3→512/k3→32/k1→256/k3→128/k1→64/k3→32/k1→256/k1]
24,5,0.550266,597381,8,[512/k3→64/k3→32/k1→256/k3→128/k1→64/k3→32/k1→256/k1]
24,6,0.568256,220133,9,[32/k1→128/k1→64/k1→32/k1→512/k3→32/k1→32/k1→64/k1→512/k1]
24,7,0.582539,184101,8,[32/k1→128/k1→64/k1→32/k1→512/k3→32/k1→32/k1→64/k1]
25,0,0.490488,3904709,6,[128/k3→32/k3→1024/k1→256/k1→512/k3→512/k3]
25,1,0.495682,3756229,6,[128/k3→32/k3→512/k1→256/k1→512/k3→512/k3]
25,2,0.505650,1984069,6,[128/k3→32/k3→512/k1→256/k1→512/k3→128/k3]
25,3,0.526862,1227909,9,[512/k3→64/k3→512/k3→32/k1→256/k3→512/k1→64/k3→32/k1→256/k1]
25,4,0.537754,907653,9,[512/k3→64/k3→512/k3→32/k1→256/k3→128/k1→64/k3→32/k1→256/k1]
25,5,0.542557,597381,8,[512/k3→64/k3→32/k1→256/k3→128/k1→64/k3→32/k1→256/k1]
25,6,0.570996,220133,9,[32/k1→128/k1→64/k1→32/k1→512/k3→32/k1→32/k1→64/k1→512/k1]
25,7,0.586532,184101,8,[32/k1→128/k1→64/k1→32/k1→512/k3→32/k1→32/k1→64/k1]
26,0,0.491654,3904709,6,[128/k3→32/k3→1024/k1→256/k1→512/k3→512/k3]
26,1,0.491521,3756229,6,[128/k3→32/k3→512/k1→256/k1→512/k3→512/k3]
26,2,0.503358,1984069,6,[128/k3→32/k3→512/k1→256/k1→512/k3→128/k3]
26,3,0.530047,1227909,9,[512/k3→64/k3→512/k3→32/k1→256/k3→512/k1→64/k3→32/k1→256/k1]
26,4,0.535416,907653,9,[512/k3→64/k3→512/k3→32/k1→256/k3→128/k1→64/k3→32/k1→256/k1]
26,5,0.548950,597381,8,[512/k3→64/k3→32/k1→256/k3→128/k1→64/k3→32/k1→256/k1]
26,6,0.570150,220133,9,[32/k1→128/k1→64/k1→32/k1→512/k3→32/k1→32/k1→64/k1→512/k1]
26,7,0.586207,184101,8,[32/k1→128/k1→64/k1→32/k1→512/k3→32/k1→32/k1→64/k1]
27,0,0.491919,3756229,6,[128/k3→32/k3→512/k1→256/k1→512/k3→512/k3]
27,1,0.490721,3904709,6,[128/k3→32/k3→1024/k1→256/k1→512/k3→512/k3]
27,2,0.504458,1984069,6,[128/k3→32/k3→512/k1→256/k1→512/k3→128/k3]
27,3,0.528392,1227909,9,[512/k3→64/k3→512/k3→32/k1→256/k3→512/k1→64/k3→32/k1→256/k1]
27,4,0.539053,907653,9,[512/k3→64/k3→512/k3→32/k1→256/k3→128/k1→64/k3→32/k1→256/k1]
27,5,0.543706,597381,8,[512/k3→64/k3→32/k1→256/k3→128/k1→64/k3→32/k1→256/k1]
27,6,0.566295,220133,9,[32/k1→128/k1→64/k1→32/k1→512/k3→32/k1→32/k1→64/k1→512/k1]
27,7,0.588501,184101,8,[32/k1→128/k1→64/k1→32/k1→512/k3→32/k1→32/k1→64/k1]
28,0,0.490161,3904709,6,[128/k3→32/k3→1024/k1→256/k1→512/k3→512/k3]
28,1,0.491436,3756229,6,[128/k3→32/k3→512/k1→256/k1→512/k3→512/k3]
28,2,0.503214,1984069,6,[128/k3→32/k3→512/k1→256/k1→512/k3→128/k3]
28,3,0.527761,1227909,9,[512/k3→64/k3→512/k3→32/k1→256/k3→512/k1→64/k3→32/k1→256/k1]
28,4,0.540089,907653,9,[512/k3→64/k3→512/k3→32/k1→256/k3→128/k1→64/k3→32/k1→256/k1]
28,5,0.544566,597381,8,[512/k3→64/k3→32/k1→256/k3→128/k1→64/k3→32/k1→256/k1]
28,6,0.571038,220133,9,[32/k1→128/k1→64/k1→32/k1→512/k3→32/k1→32/k1→64/k1→512/k1]
28,7,0.589216,184101,8,[32/k1→128/k1→64/k1→32/k1→512/k3→32/k1→32/k1→64/k1]
29,0,0.490095,3904709,6,[128/k3→32/k3→1024/k1→256/k1→512/k3→512/k3]
29,1,0.491680,3756229,6,[128/k3→32/k3→512/k1→256/k1→512/k3→512/k3]
29,2,0.499818,1984069,6,[128/k3→32/k3→512/k1→256/k1→512/k3→128/k3]
29,3,0.529712,1227909,9,[512/k3→64/k3→512/k3→32/k1→256/k3→512/k1→64/k3→32/k1→256/k1]
29,4,0.539899,907653,9,[512/k3→64/k3→512/k3→32/k1→256/k3→128/k1→64/k3→32/k1→256/k1]
29,5,0.550678,597381,8,[512/k3→64/k3→32/k1→256/k3→128/k1→64/k3→32/k1→256/k1]
29,6,0.575087,220133,9,[32/k1→128/k1→64/k1→32/k1→512/k3→32/k1→32/k1→64/k1→512/k1]
29,7,0.600033,184101,8,[32/k1→128/k1→64/k1→32/k1→512/k3→32/k1→32/k1→64/k1]
30,0,0.489006,3904709,6,[128/k3→32/k3→1024/k1→256/k1→512/k3→512/k3]
30,1,0.486968,3904709,6,[128/k3→32/k3→1024/k1→256/k1→512/k3→512/k3]
30,2,0.542213,907653,9,[512/k3→64/k3→512/k3→32/k1→256/k3→128/k1→64/k3→32/k1→256/k1]
30,3,0.489429,3756229,6,[128/k3→32/k3→512/k1→256/k1→512/k3→512/k3]
30,4,0.523301,658757,6,[128/k3→32/k3→512/k1→256/k1→64/k3→512/k3]
30,5,0.499544,2050117,7,[128/k3→32/k3→512/k1→256/k1→256/k1→512/k3→128/k3]
30,6,0.541385,907653,9,[512/k3→64/k3→512/k3→32/k1→256/k3→128/k1→64/k3→32/k1→256/k1]
30,7,0.541533,4023365,9,[512/k3→64/k3→512/k3→1024/k1→256/k3→512/k1→64/k3→32/k1→256/k1]
31,0,0.484395,3904709,6,[128/k3→32/k3→1024/k1→256/k1→512/k3→512/k3]
31,1,0.524685,658757,6,[128/k3→32/k3→512/k1→256/k1→64/k3→512/k3]
31,2,0.543454,907653,9,[512/k3→64/k3→512/k3→32/k1→256/k3→128/k1→64/k3→32/k1→256/k1]
31,3,0.484717,3904709,6,[128/k3→32/k3→1024/k1→256/k1→512/k3→512/k3]
31,4,0.485449,3904709,6,[128/k3→32/k3→1024/k1→256/k1→512/k3→512/k3]
31,5,0.497511,2050117,7,[128/k3→32/k3→512/k1→256/k1→256/k1→512/k3→128/k3]
31,6,0.483902,3904709,6,[128/k3→32/k3→1024/k1→256/k1→512/k3→512/k3]
31,7,0.540560,907653,9,[512/k3→64/k3→512/k3→32/k1→256/k3→128/k1→64/k3→32/k1→256/k1]
32,0,0.482567,3904709,6,[128/k3→32/k3→1024/k1→256/k1→512/k3→512/k3]
32,1,0.540847,907653,9,[512/k3→64/k3→512/k3→32/k1→256/k3→128/k1→64/k3→32/k1→256/k1]
32,2,0.540721,907653,9,[512/k3→64/k3→512/k3→32/k1→256/k3→128/k1→64/k3→32/k1→256/k1]
32,3,0.540419,907653,9,[512/k3→64/k3→512/k3→32/k1→256/k3→128/k1→64/k3→32/k1→256/k1]
32,4,0.537504,907653,9,[512/k3→64/k3→512/k3→32/k1→256/k3→128/k1→64/k3→32/k1→256/k1]
32,5,0.485006,4167877,7,[128/k3→32/k3→1024/k1→256/k1→512/k3→512/k1→512/k3]
32,6,0.481424,3904709,6,[128/k3→32/k3→1024/k1→256/k1→512/k3→512/k3]
32,7,0.484325,3904709,6,[128/k3→32/k3→1024/k1→256/k1→512/k3→512/k3]
33,0,0.481092,3904709,6,[128/k3→32/k3→1024/k1→256/k1→512/k3→512/k3]
33,1,0.543176,907653,9,[512/k3→64/k3→512/k3→32/k1→256/k3→128/k1→64/k3→32/k1→256/k1]
33,2,0.540676,907653,9,[512/k3→64/k3→512/k3→32/k1→256/k3→128/k1→64/k3→32/k1→256/k1]
33,3,0.539729,897829,8,[512/k3→64/k3→512/k3→32/k1→256/k3→128/k1→64/k3→32/k1]
33,4,0.481316,3904709,6,[128/k3→32/k3→1024/k1→256/k1→512/k3→512/k3]
33,5,0.481327,4113797,6,[128/k3→128/k3→1024/k1→256/k1→512/k3→512/k3]
33,6,0.540539,907653,9,[512/k3→64/k3→512/k3→32/k1→256/k3→128/k1→64/k3→32/k1→256/k1]
33,7,0.554069,751493,9,[512/k3→64/k3→256/k3→32/k1→256/k3→128/k1→64/k3→32/k1→256/k1]
34,0,0.478263,3904709,6,[128/k3→32/k3→1024/k1→256/k1→512/k3→512/k3]
34,1,0.505222,3681989,6,[128/k3→32/k3→256/k1→256/k1→512/k3→512/k3]
34,2,0.540929,907653,9,[512/k3→64/k3→512/k3→32/k1→256/k3→128/k1→64/k3→32/k1→256/k1]
34,3,0.550007,751493,9,[512/k3→64/k3→256/k3→32/k1→256/k3→128/k1→64/k3→32/k1→256/k1]
34,4,0.478537,3904709,6,[128/k3→32/k3→1024/k1→256/k1→512/k3→512/k3]
34,5,0.537551,907653,9,[512/k3→64/k3→512/k3→32/k1→256/k3→128/k1→64/k3→32/k1→256/k1]
34,6,0.481305,4113797,6,[128/k3→128/k3→1024/k1→256/k1→512/k3→512/k3]
34,7,0.477836,4113797,6,[128/k3→128/k3→1024/k1→256/k1→512/k3→512/k3]
35,0,0.478861,4113797,6,[128/k3→128/k3→1024/k1→256/k1→512/k3→512/k3]
35,1,0.479169,4113797,6,[128/k3→128/k3→1024/k1→256/k1→512/k3→512/k3]
35,2,0.475957,4113797,6,[128/k3→128/k3→1024/k1→256/k1→512/k3→512/k3]
35,3,0.476666,3904709,6,[128/k3→32/k3→1024/k1→256/k1→512/k3→512/k3]
35,4,0.552216,3703109,9,[512/k3→64/k3→512/k3→1024/k1→256/k3→128/k1→64/k3→32/k1→256/k1]
35,5,0.540145,907653,9,[512/k3→64/k3→512/k3→32/k1→256/k3→128/k1→64/k3→32/k1→256/k1]
35,6,0.500155,3681989,6,[128/k3→32/k3→256/k1→256/k1→512/k3→512/k3]
35,7,0.478142,3904709,6,[128/k3→32/k3→1024/k1→256/k1→512/k3→512/k3]
36,0,0.476571,4113797,6,[128/k3→128/k3→1024/k1→256/k1→512/k3→512/k3]
36,1,0.476133,3904709,6,[128/k3→32/k3→1024/k1→256/k1→512/k3→512/k3]
36,2,0.478514,4113797,6,[128/k3→128/k3→1024/k1→256/k1→512/k3→512/k3]
36,3,0.524829,3615941,5,[128/k3→32/k3→256/k1→512/k3→512/k3]
36,4,0.479128,4113797,6,[128/k3→128/k3→1024/k1→256/k1→512/k3→512/k3]
36,5,0.478281,4376965,7,[128/k3→128/k3→1024/k1→256/k1→512/k3→512/k3→512/k1]
36,6,0.490955,4026693,6,[64/k3→128/k3→1024/k1→256/k1→512/k3→512/k3]
36,7,0.475907,4113797,6,[128/k3→128/k3→1024/k1→256/k1→512/k3→512/k3]
37,0,0.475485,4113797,6,[128/k3→128/k3→1024/k1→256/k1→512/k3→512/k3]
37,1,0.477442,4113797,6,[128/k3→128/k3→1024/k1→256/k1→512/k3→512/k3]
37,2,0.478138,4113797,6,[128/k3→128/k3→1024/k1→256/k1→512/k3→512/k3]
37,3,0.476256,4113797,6,[128/k3→128/k3→1024/k1→256/k1→512/k3→512/k3]
37,4,0.476099,4113797,6,[128/k3→128/k3→1024/k1→256/k1→512/k3→512/k3]
37,5,0.476756,4113797,6,[128/k3→128/k3→1024/k1→256/k1→512/k3→512/k3]
37,6,0.481870,4130437,7,[128/k3→128/k3→128/k1→1024/k1→256/k1→512/k3→512/k3]
37,7,0.560636,3615941,5,[128/k3→32/k3→256/k1→512/k3→512/k3]
38,0,0.473303,4113797,6,[128/k3→128/k3→1024/k1→256/k1→512/k3→512/k3]
38,1,0.474637,4113797,6,[128/k3→128/k3→1024/k1→256/k1→512/k3→512/k3]
38,2,0.475987,4113797,6,[128/k3→128/k3→1024/k1→256/k1→512/k3→512/k3]
38,3,0.475274,4113797,6,[128/k3→128/k3→1024/k1→256/k1→512/k3→512/k3]
38,4,0.474361,4288005,6,[256/k3→128/k3→1024/k1→256/k1→512/k3→512/k3]
38,5,0.478847,4376965,7,[128/k3→128/k3→1024/k1→256/k1→512/k3→512/k1→512/k3]
38,6,0.535911,7390085,5,[128/k3→128/k3→1024/k1→512/k3→512/k3]
38,7,0.475365,3974405,6,[128/k3→64/k3→1024/k1→256/k1→512/k3→512/k3]
39,0,0.472665,4113797,6,[128/k3→128/k3→1024/k1→256/k1→512/k3→512/k3]
39,1,0.488429,4026693,6,[64/k3→128/k3→1024/k1→256/k1→512/k3→512/k3]
39,2,0.545437,7390085,5,[128/k3→128/k3→1024/k1→512/k3→512/k3]
39,3,0.475538,4113797,6,[128/k3→128/k3→1024/k1→256/k1→512/k3→512/k3]
39,4,0.475925,4288005,6,[256/k3→128/k3→1024/k1→256/k1→512/k3→512/k3]
39,5,0.528213,7390085,5,[128/k3→128/k3→1024/k1→512/k3→512/k3]
39,6,0.535557,7390085,5,[128/k3→128/k3→1024/k1→512/k3→512/k3]
39,7,0.473641,4113797,6,[128/k3→128/k3→1024/k1→256/k1→512/k3→512/k3]
40,0,0.472303,4113797,6,[128/k3→128/k3→1024/k1→256/k1→512/k3→512/k3]
40,1,0.528163,7390085,5,[128/k3→128/k3→1024/k1→512/k3→512/k3]
40,2,0.481163,4026693,6,[64/k3→128/k3→1024/k1→256/k1→512/k3→512/k3]
40,3,0.525138,7564293,5,[256/k3→128/k3→1024/k1→512/k3→512/k3]
40,4,0.473733,4113797,6,[128/k3→128/k3→1024/k1→256/k1→512/k3→512/k3]
40,5,0.471798,4113797,6,[128/k3→128/k3→1024/k1→256/k1→512/k3→512/k3]
40,6,0.519943,7390085,5,[128/k3→128/k3→1024/k1→512/k3→512/k3]
40,7,0.474302,4113797,6,[128/k3→128/k3→1024/k1→256/k1→512/k3→512/k3]
41,0,0.470013,4113797,6,[128/k3→128/k3→1024/k1→256/k1→512/k3→512/k3]
41,1,0.475764,4026693,6,[64/k3→128/k3→1024/k1→256/k1→512/k3→512/k3]
41,2,0.471693,4113797,6,[128/k3→128/k3→1024/k1→256/k1→512/k3→512/k3]
41,3,0.518384,7653253,6,[128/k3→128/k3→1024/k1→512/k3→512/k3→512/k1]
41,4,0.477222,4026693,6,[64/k3→128/k3→1024/k1→256/k1→512/k3→512/k3]
41,5,0.514740,7390085,5,[128/k3→128/k3→1024/k1→512/k3→512/k3]
41,6,0.471922,4113797,6,[128/k3→128/k3→1024/k1→256/k1→512/k3→512/k3]
41,7,0.519710,8154629,6,[256/k3→256/k3→128/k3→1024/k1→512/k3→512/k3]
42,0,0.469212,4113797,6,[128/k3→128/k3→1024/k1→256/k1→512/k3→512/k3]
42,1,0.506243,7653253,6,[128/k3→128/k3→1024/k1→512/k3→512/k3→512/k1]
42,2,0.472085,4026693,6,[64/k3→128/k3→1024/k1→256/k1→512/k3→512/k3]
42,3,0.504975,7390085,5,[128/k3→128/k3→1024/k1→512/k3→512/k3]
42,4,0.475375,4026693,6,[64/k3→128/k3→1024/k1→256/k1→512/k3→512/k3]
42,5,0.475941,4261509,7,[128/k3→128/k3→128/k3→1024/k1→256/k1→512/k3→512/k3]
42,6,0.530426,3966085,5,[128/k3→1024/k1→256/k1→512/k3→512/k3]
42,7,0.472583,4026693,6,[64/k3→128/k3→1024/k1→256/k1→512/k3→512/k3]
43,0,0.469160,4113797,6,[128/k3→128/k3→1024/k1→256/k1→512/k3→512/k3]
43,1,0.468852,4113797,6,[128/k3→128/k3→1024/k1→256/k1→512/k3→512/k3]
43,2,0.469365,4026693,6,[64/k3→128/k3→1024/k1→256/k1→512/k3→512/k3]
43,3,0.478189,13465925,7,[64/k3→128/k3→1024/k1→1024/k3→256/k1→512/k3→512/k3]
43,4,0.499887,7653253,6,[128/k3→128/k3→1024/k1→512/k3→512/k3→512/k1]
43,5,0.473199,4636421,6,[512/k3→128/k3→1024/k1→256/k1→512/k3→512/k3]
43,6,0.472455,4026693,6,[64/k3→128/k3→1024/k1→256/k1→512/k3→512/k3]
43,7,0.532167,3966085,5,[128/k3→1024/k1→256/k1→512/k3→512/k3]
44,0,0.468533,4113797,6,[128/k3→128/k3→1024/k1→256/k1→512/k3→512/k3]
44,1,0.468091,4113797,6,[128/k3→128/k3→1024/k1→256/k1→512/k3→512/k3]
44,2,0.474286,8615237,7,[64/k3→128/k3→1024/k1→512/k3→256/k1→512/k3→512/k3]
44,3,0.521902,5292933,5,[128/k3→128/k3→1024/k1→512/k3→512/k1]
44,4,0.538601,2196101,5,[128/k3→1024/k1→256/k1→256/k3→512/k3]
44,5,0.498029,2276101,5,[512/k3→128/k3→1024/k1→256/k1→512/k3]
44,6,0.522976,2276101,5,[512/k3→128/k3→1024/k1→256/k1→512/k3]
44,7,0.516049,13405317,6,[128/k3→1024/k1→1024/k3→256/k1→512/k3→512/k3]
